brand, product_name, shipping_details
EVGA,EVGA GeForce RTX 2080 XC GAMING| 08G-P4-2182-KR| 8GB GDDR6| Dual HDB Fans & RGB LED,Free Shipping
EVGA,EVGA GeForce RTX 2080 XC GAMING| 08G-P4-2182-KR| 8GB GDDR6| Dual HDB Fans & RGB LED,Free Shipping
EVGA,EVGA GeForce RTX 2080 XC GAMING| 08G-P4-2182-KR| 8GB GDDR6| Dual HDB Fans & RGB LED,Free Shipping
EVGA,EVGA GeForce RTX 2080 XC GAMING| 08G-P4-2182-KR| 8GB GDDR6| Dual HDB Fans & RGB LED,Free Shipping
EVGA,EVGA GeForce RTX 2080 XC GAMING| 08G-P4-2182-KR| 8GB GDDR6| Dual HDB Fans & RGB LED,Free Shipping
EVGA,EVGA GeForce RTX 2080 XC GAMING| 08G-P4-2182-KR| 8GB GDDR6| Dual HDB Fans & RGB LED,Free Shipping
EVGA,EVGA GeForce RTX 2080 XC GAMING| 08G-P4-2182-KR| 8GB GDDR6| Dual HDB Fans & RGB LED,Free Shipping
EVGA,EVGA GeForce RTX 2080 XC GAMING| 08G-P4-2182-KR| 8GB GDDR6| Dual HDB Fans & RGB LED,Free Shipping
EVGA,EVGA GeForce RTX 2080 XC GAMING| 08G-P4-2182-KR| 8GB GDDR6| Dual HDB Fans & RGB LED,Free Shipping
EVGA,EVGA GeForce RTX 2080 XC GAMING| 08G-P4-2182-KR| 8GB GDDR6| Dual HDB Fans & RGB LED,Free Shipping
EVGA,EVGA GeForce RTX 2080 XC GAMING| 08G-P4-2182-KR| 8GB GDDR6| Dual HDB Fans & RGB LED,Free Shipping
EVGA,EVGA GeForce RTX 2080 XC GAMING| 08G-P4-2182-KR| 8GB GDDR6| Dual HDB Fans & RGB LED,Free Shipping
EVGA,EVGA GeForce RTX 2080 XC GAMING| 08G-P4-2182-KR| 8GB GDDR6| Dual HDB Fans & RGB LED,Free Shipping
EVGA,EVGA GeForce RTX 2080 XC GAMING| 08G-P4-2182-KR| 8GB GDDR6| Dual HDB Fans & RGB LED,Free Shipping
EVGA,EVGA GeForce RTX 2080 XC GAMING| 08G-P4-2182-KR| 8GB GDDR6| Dual HDB Fans & RGB LED,Free Shipping
EVGA,EVGA GeForce RTX 2080 XC GAMING| 08G-P4-2182-KR| 8GB GDDR6| Dual HDB Fans & RGB LED,Free Shipping
EVGA,EVGA GeForce RTX 2080 XC GAMING| 08G-P4-2182-KR| 8GB GDDR6| Dual HDB Fans & RGB LED,Free Shipping
EVGA,EVGA GeForce RTX 2080 XC GAMING| 08G-P4-2182-KR| 8GB GDDR6| Dual HDB Fans & RGB LED,Free Shipping
EVGA,EVGA GeForce RTX 2080 XC GAMING| 08G-P4-2182-KR| 8GB GDDR6| Dual HDB Fans & RGB LED,Free Shipping
EVGA,EVGA GeForce RTX 2080 XC GAMING| 08G-P4-2182-KR| 8GB GDDR6| Dual HDB Fans & RGB LED,Free Shipping
EVGA,EVGA GeForce RTX 2080 XC GAMING| 08G-P4-2182-KR| 8GB GDDR6| Dual HDB Fans & RGB LED,Free Shipping
EVGA,EVGA GeForce RTX 2080 XC GAMING| 08G-P4-2182-KR| 8GB GDDR6| Dual HDB Fans & RGB LED,Free Shipping
EVGA,EVGA GeForce RTX 2080 XC GAMING| 08G-P4-2182-KR| 8GB GDDR6| Dual HDB Fans & RGB LED,Free Shipping
EVGA,EVGA GeForce RTX 2080 XC GAMING| 08G-P4-2182-KR| 8GB GDDR6| Dual HDB Fans & RGB LED,Free Shipping
EVGA,EVGA GeForce RTX 2080 XC GAMING| 08G-P4-2182-KR| 8GB GDDR6| Dual HDB Fans & RGB LED,Free Shipping
EVGA,EVGA GeForce RTX 2080 XC GAMING| 08G-P4-2182-KR| 8GB GDDR6| Dual HDB Fans & RGB LED,Free Shipping
EVGA,EVGA GeForce RTX 2080 XC GAMING| 08G-P4-2182-KR| 8GB GDDR6| Dual HDB Fans & RGB LED,Free Shipping
EVGA,EVGA GeForce RTX 2080 XC GAMING| 08G-P4-2182-KR| 8GB GDDR6| Dual HDB Fans & RGB LED,Free Shipping
EVGA,EVGA GeForce RTX 2080 XC GAMING| 08G-P4-2182-KR| 8GB GDDR6| Dual HDB Fans & RGB LED,Free Shipping
EVGA,EVGA GeForce RTX 2080 XC GAMING| 08G-P4-2182-KR| 8GB GDDR6| Dual HDB Fans & RGB LED,Free Shipping
EVGA,EVGA GeForce RTX 2080 XC GAMING| 08G-P4-2182-KR| 8GB GDDR6| Dual HDB Fans & RGB LED,Free Shipping
EVGA,EVGA GeForce RTX 2080 XC GAMING| 08G-P4-2182-KR| 8GB GDDR6| Dual HDB Fans & RGB LED,Free Shipping
EVGA,EVGA GeForce RTX 2080 XC GAMING| 08G-P4-2182-KR| 8GB GDDR6| Dual HDB Fans & RGB LED,Free Shipping
EVGA,EVGA GeForce RTX 2080 XC GAMING| 08G-P4-2182-KR| 8GB GDDR6| Dual HDB Fans & RGB LED,Free Shipping
EVGA,EVGA GeForce RTX 2080 XC GAMING| 08G-P4-2182-KR| 8GB GDDR6| Dual HDB Fans & RGB LED,Free Shipping
EVGA,EVGA GeForce RTX 2080 XC GAMING| 08G-P4-2182-KR| 8GB GDDR6| Dual HDB Fans & RGB LED,Free Shipping
